{
    "name": "root",
    "gauges": {
        "JammoCatcher.Policy.Entropy.mean": {
            "value": 1.4189382791519165,
            "min": 1.4189382791519165,
            "max": 1.4189382791519165,
            "count": 1
        },
        "JammoCatcher.Policy.Entropy.sum": {
            "value": 15074.80078125,
            "min": 15074.80078125,
            "max": 15074.80078125,
            "count": 1
        },
        "JammoCatcher.Environment.EpisodeLength.mean": {
            "value": 269.6,
            "min": 269.6,
            "max": 269.6,
            "count": 1
        },
        "JammoCatcher.Environment.EpisodeLength.sum": {
            "value": 9436.0,
            "min": 9436.0,
            "max": 9436.0,
            "count": 1
        },
        "JammoCatcher.Step.mean": {
            "value": 9983.0,
            "min": 9983.0,
            "max": 9983.0,
            "count": 1
        },
        "JammoCatcher.Step.sum": {
            "value": 9983.0,
            "min": 9983.0,
            "max": 9983.0,
            "count": 1
        },
        "JammoCatcher.Policy.ExtrinsicValueEstimate.mean": {
            "value": 0.5549339056015015,
            "min": 0.5549339056015015,
            "max": 0.5549339056015015,
            "count": 1
        },
        "JammoCatcher.Policy.ExtrinsicValueEstimate.sum": {
            "value": 93.22889709472656,
            "min": 93.22889709472656,
            "max": 93.22889709472656,
            "count": 1
        },
        "JammoCatcher.Environment.CumulativeReward.mean": {
            "value": 86.01142858777727,
            "min": 86.01142858777727,
            "max": 86.01142858777727,
            "count": 1
        },
        "JammoCatcher.Environment.CumulativeReward.sum": {
            "value": 3010.4000005722046,
            "min": 3010.4000005722046,
            "max": 3010.4000005722046,
            "count": 1
        },
        "JammoCatcher.Policy.ExtrinsicReward.mean": {
            "value": 86.01142858777727,
            "min": 86.01142858777727,
            "max": 86.01142858777727,
            "count": 1
        },
        "JammoCatcher.Policy.ExtrinsicReward.sum": {
            "value": 3010.4000005722046,
            "min": 3010.4000005722046,
            "max": 3010.4000005722046,
            "count": 1
        },
        "JammoCatcher.IsTraining.mean": {
            "value": 1.0,
            "min": 1.0,
            "max": 1.0,
            "count": 1
        },
        "JammoCatcher.IsTraining.sum": {
            "value": 1.0,
            "min": 1.0,
            "max": 1.0,
            "count": 1
        },
        "JammoHider.Policy.Entropy.mean": {
            "value": 1.4189382791519165,
            "min": 1.4189382791519165,
            "max": 1.4189382791519165,
            "count": 1
        },
        "JammoHider.Policy.Entropy.sum": {
            "value": 15074.80078125,
            "min": 15074.80078125,
            "max": 15074.80078125,
            "count": 1
        },
        "JammoHider.Environment.EpisodeLength.mean": {
            "value": 269.6,
            "min": 269.6,
            "max": 269.6,
            "count": 1
        },
        "JammoHider.Environment.EpisodeLength.sum": {
            "value": 9436.0,
            "min": 9436.0,
            "max": 9436.0,
            "count": 1
        },
        "JammoHider.Step.mean": {
            "value": 9983.0,
            "min": 9983.0,
            "max": 9983.0,
            "count": 1
        },
        "JammoHider.Step.sum": {
            "value": 9983.0,
            "min": 9983.0,
            "max": 9983.0,
            "count": 1
        },
        "JammoHider.Policy.ExtrinsicValueEstimate.mean": {
            "value": -0.9733784794807434,
            "min": -0.9733784794807434,
            "max": -0.9733784794807434,
            "count": 1
        },
        "JammoHider.Policy.ExtrinsicValueEstimate.sum": {
            "value": -163.527587890625,
            "min": -163.527587890625,
            "max": -163.527587890625,
            "count": 1
        },
        "JammoHider.Environment.CumulativeReward.mean": {
            "value": -183.28000150408064,
            "min": -183.28000150408064,
            "max": -183.28000150408064,
            "count": 1
        },
        "JammoHider.Environment.CumulativeReward.sum": {
            "value": -6414.800052642822,
            "min": -6414.800052642822,
            "max": -6414.800052642822,
            "count": 1
        },
        "JammoHider.Policy.ExtrinsicReward.mean": {
            "value": -183.28000150408064,
            "min": -183.28000150408064,
            "max": -183.28000150408064,
            "count": 1
        },
        "JammoHider.Policy.ExtrinsicReward.sum": {
            "value": -6414.800052642822,
            "min": -6414.800052642822,
            "max": -6414.800052642822,
            "count": 1
        },
        "JammoHider.IsTraining.mean": {
            "value": 1.0,
            "min": 1.0,
            "max": 1.0,
            "count": 1
        },
        "JammoHider.IsTraining.sum": {
            "value": 1.0,
            "min": 1.0,
            "max": 1.0,
            "count": 1
        }
    },
    "metadata": {
        "timer_format_version": "0.1.0",
        "start_time_seconds": "1729025913",
        "python_version": "3.10.12 (main, Jul  5 2023, 15:02:25) [Clang 14.0.6 ]",
        "command_line_arguments": "/opt/anaconda3/envs/mlagents_AA/bin/mlagents-learn Policies/hidenseek.yaml --run-id=HidenSeek_Manager_V7",
        "mlagents_version": "1.0.0",
        "mlagents_envs_version": "1.0.0",
        "communication_protocol_version": "1.5.0",
        "pytorch_version": "1.13.1",
        "numpy_version": "1.21.2",
        "end_time_seconds": "1729026100"
    },
    "total": 187.77463733399054,
    "count": 1,
    "self": 10.010581917013042,
    "children": {
        "run_training.setup": {
            "total": 0.018529416993260384,
            "count": 1,
            "self": 0.018529416993260384
        },
        "TrainerController.start_learning": {
            "total": 177.74552599998424,
            "count": 1,
            "self": 0.02291411900660023,
            "children": {
                "TrainerController._reset_env": {
                    "total": 36.76811845903285,
                    "count": 1,
                    "self": 36.76811845903285
                },
                "TrainerController.advance": {
                    "total": 140.7493780059158,
                    "count": 1207,
                    "self": 0.02632454060949385,
                    "children": {
                        "env_step": {
                            "total": 138.6656950811739,
                            "count": 1207,
                            "self": 137.14859952533152,
                            "children": {
                                "SubprocessEnvManager._take_step": {
                                    "total": 1.5030167092336342,
                                    "count": 1208,
                                    "self": 0.15855463163461536,
                                    "children": {
                                        "TorchPolicy.evaluate": {
                                            "total": 1.3444620775990188,
                                            "count": 2396,
                                            "self": 1.3444620775990188
                                        }
                                    }
                                },
                                "workers": {
                                    "total": 0.014078846608754247,
                                    "count": 1206,
                                    "self": 0.0,
                                    "children": {
                                        "worker_root": {
                                            "total": 98.99683492106851,
                                            "count": 1206,