{
    "name": "root",
    "gauges": {
        "Catcher.Policy.Entropy.mean": {
            "value": 1.202267050743103,
            "min": 1.202267050743103,
            "max": 1.3736679553985596,
            "count": 6
        },
        "Catcher.Policy.Entropy.sum": {
            "value": 12022.669921875,
            "min": 9698.095703125,
            "max": 13219.1806640625,
            "count": 6
        },
        "Catcher.Step.mean": {
            "value": 69999.0,
            "min": 19999.0,
            "max": 69999.0,
            "count": 6
        },
        "Catcher.Step.sum": {
            "value": 69999.0,
            "min": 19999.0,
            "max": 69999.0,
            "count": 6
        },
        "Catcher.Policy.ExtrinsicValueEstimate.mean": {
            "value": 0.07881762832403183,
            "min": 0.06114651635289192,
            "max": 0.08049477636814117,
            "count": 6
        },
        "Catcher.Policy.ExtrinsicValueEstimate.sum": {
            "value": 788.17626953125,
            "min": 413.59503173828125,
            "max": 804.94775390625,
            "count": 6
        },
        "Catcher.Losses.PolicyLoss.mean": {
            "value": 0.2326609278288626,
            "min": 0.2326609278288626,
            "max": 0.24691771290072592,
            "count": 6
        },
        "Catcher.Losses.PolicyLoss.sum": {
            "value": 23.033431855057398,
            "min": 17.03732219015009,
            "max": 23.900479815021875,
            "count": 6
        },
        "Catcher.Losses.ValueLoss.mean": {
            "value": 0.014611765778627833,
            "min": 0.014611765778627833,
            "max": 8.593176731640748,
            "count": 6
        },
        "Catcher.Losses.ValueLoss.sum": {
            "value": 1.4465648120841554,
            "min": 1.4465648120841554,
            "max": 592.9291944832116,
            "count": 6
        },
        "Catcher.Policy.LearningRate.mean": {
            "value": 0.00026100601299799996,
            "min": 0.00026100601299799996,
            "max": 0.00029009407286719423,
            "count": 6
        },
        "Catcher.Policy.LearningRate.sum": {
            "value": 0.025839595286801995,
            "min": 0.0200164910278364,
            "max": 0.0282153568948812,
            "count": 6
        },
        "Catcher.Policy.Epsilon.mean": {
            "value": 0.187002,
            "min": 0.187002,
            "max": 0.19669802318840582,
            "count": 6
        },
        "Catcher.Policy.Epsilon.sum": {
            "value": 18.513198,
            "min": 13.572163600000001,
            "max": 19.305118800000002,
            "count": 6
        },
        "Catcher.Policy.Beta.mean": {
            "value": 0.0005000000000000002,
            "min": 0.0005,
            "max": 0.0005000000000000002,
            "count": 6
        },
        "Catcher.Policy.Beta.sum": {
            "value": 0.04950000000000002,
            "min": 0.0345,
            "max": 0.04950000000000002,
            "count": 6
        },
        "Catcher.Environment.EpisodeLength.mean": {
            "value": 0.0,
            "min": 0.0,
            "max": 0.04406980183377699,
            "count": 6
        },
        "Catcher.Environment.EpisodeLength.sum": {
            "value": 0.0,
            "min": 0.0,
            "max": 298.0,
            "count": 6
        },
        "Catcher.Environment.CumulativeReward.mean": {
            "value": 0.0787,
            "min": 0.0745,
            "max": 0.0809,
            "count": 6
        },
        "Catcher.Environment.CumulativeReward.sum": {
            "value": 787.0,
            "min": 517.0,
            "max": 809.0,
            "count": 6
        },
        "Catcher.Policy.ExtrinsicReward.mean": {
            "value": 0.0787,
            "min": 0.0745,
            "max": 0.0809,
            "count": 6
        },
        "Catcher.Policy.ExtrinsicReward.sum": {
            "value": 787.0,
            "min": 517.0,
            "max": 809.0,
            "count": 6
        },
        "Catcher.IsTraining.mean": {
            "value": 1.0,
            "min": 1.0,
            "max": 1.0,
            "count": 6
        },
        "Catcher.IsTraining.sum": {
            "value": 1.0,
            "min": 1.0,
            "max": 1.0,
            "count": 6
        }
    },
    "metadata": {
        "timer_format_version": "0.1.0",
        "start_time_seconds": "1728323104",
        "python_version": "3.10.12 (main, Jul  5 2023, 15:02:25) [Clang 14.0.6 ]",
        "command_line_arguments": "/opt/anaconda3/envs/mlagents_AA/bin/mlagents-learn Policies/hidenseek.yaml --run-id=StableTry--resumz --resume",
        "mlagents_version": "1.0.0",
        "mlagents_envs_version": "1.0.0",
        "communication_protocol_version": "1.5.0",
        "pytorch_version": "1.13.1",
        "numpy_version": "1.21.2",
        "end_time_seconds": "1728323608"
    },
    "total": 504.3634513750003,
    "count": 1,
    "self": 0.0059011670091422275,
    "children": {
        "run_training.setup": {
            "total": 0.017595500001334585,
            "count": 1,
            "self": 0.017595500001334585
        },
        "TrainerController.start_learning": {
            "total": 504.3399547079898,
            "count": 1,
            "self": 1.184892473538639,
            "children": {
                "TrainerController._reset_env": {
                    "total": 8.064947167003993,
                    "count": 1,
                    "self": 8.064947167003993
                },
                "TrainerController.advance": {
                    "total": 494.973762484442,
                    "count": 122273,
                    "self": 1.0590414849139052,
                    "children": {
                        "env_step": {
                            "total": 422.244090475564,
                            "count": 122273,
                            "self": 404.0259969091421,
                            "children": {
                                "SubprocessEnvManager._take_step": {
                                    "total": 17.407021679129684,
                                    "count": 122273,
                                    "self": 1.6661022028711159,
                                    "children": {
                                        "TorchPolicy.evaluate": {
                                            "total": 15.740919476258568,
                                            "count": 61284,
                                            "self": 15.740919476258568
                                        }
                                    }
                                },
                                "workers": {
                                    "total": 0.8110718872922007,
                                    "count": 122272,
                                    "self": 0.0,
                                    "children": {
                                        "worker_root": {
                                            "total": 448.382374149267,
                                            "count": 122272,
                                            "is_parallel": true,
                                            "self": 136.13302760833176,
                                            "children": {
                                                "steps_from_proto": {
                                                    "total": 0.0010122090025106445,
                                                    "count": 1,
                                                    "is_parallel": true,
                                                    "self": 0.00014475100033450872,
                                                    "children": {
                                                        "_process_rank_one_or_two_observation": {
                                                            "total": 0.0008674580021761358,