{
    "name": "root",
    "gauges": {
        "JammoHider.Policy.Entropy.mean": {
            "value": 1.3912550210952759,
            "min": 1.3912550210952759,
            "max": 1.4189382791519165,
            "count": 16
        },
        "JammoHider.Policy.Entropy.sum": {
            "value": 13845.76953125,
            "min": 13841.509765625,
            "max": 15074.80078125,
            "count": 16
        },
        "JammoHider.Environment.EpisodeLength.mean": {
            "value": 214.9375,
            "min": 193.9777777777778,
            "max": 261.3157894736842,
            "count": 16
        },
        "JammoHider.Environment.EpisodeLength.sum": {
            "value": 10317.0,
            "min": 8729.0,
            "max": 10333.0,
            "count": 16
        },
        "JammoHider.Step.mean": {
            "value": 159952.0,
            "min": 9990.0,
            "max": 159952.0,
            "count": 16
        },
        "JammoHider.Step.sum": {
            "value": 159952.0,
            "min": 9990.0,
            "max": 159952.0,
            "count": 16
        },
        "JammoHider.Policy.ExtrinsicValueEstimate.mean": {
            "value": -31.385608673095703,
            "min": -31.385608673095703,
            "max": 0.04422510415315628,
            "count": 16
        },
        "JammoHider.Policy.ExtrinsicValueEstimate.sum": {
            "value": -5523.8671875,
            "min": -5523.8671875,
            "max": 7.606718063354492,
            "count": 16
        },
        "JammoHider.Environment.CumulativeReward.mean": {
            "value": -101.3270831356446,
            "min": -118.85526311711261,
            "max": -91.89999990260347,
            "count": 16
        },
        "JammoHider.Environment.CumulativeReward.sum": {
            "value": -4863.699990510941,
            "min": -4863.699990510941,
            "max": -4183.399993062019,
            "count": 16
        },
        "JammoHider.Policy.ExtrinsicReward.mean": {
            "value": -101.3270831356446,
            "min": -118.85526311711261,
            "max": -91.89999990260347,
            "count": 16
        },
        "JammoHider.Policy.ExtrinsicReward.sum": {
            "value": -4863.699990510941,
            "min": -4863.699990510941,
            "max": -4183.399993062019,
            "count": 16
        },
        "JammoHider.IsTraining.mean": {
            "value": 1.0,
            "min": 1.0,
            "max": 1.0,
            "count": 16
        },
        "JammoHider.IsTraining.sum": {
            "value": 1.0,
            "min": 1.0,
            "max": 1.0,
            "count": 16
        },
        "JammoCatcher.Policy.Entropy.mean": {
            "value": 1.4234142303466797,
            "min": 1.4189382791519165,
            "max": 1.4257043600082397,
            "count": 16
        },
        "JammoCatcher.Policy.Entropy.sum": {
            "value": 14165.818359375,
            "min": 13985.0556640625,
            "max": 15074.80078125,
            "count": 16
        },
        "JammoCatcher.Environment.EpisodeLength.mean": {
            "value": 214.9375,
            "min": 193.9777777777778,
            "max": 261.3157894736842,
            "count": 16
        },
        "JammoCatcher.Environment.EpisodeLength.sum": {
            "value": 10317.0,
            "min": 8729.0,
            "max": 10333.0,
            "count": 16
        },
        "JammoCatcher.Step.mean": {
            "value": 159952.0,
            "min": 9990.0,
            "max": 159952.0,
            "count": 16
        },
        "JammoCatcher.Step.sum": {
            "value": 159952.0,
            "min": 9990.0,
            "max": 159952.0,
            "count": 16
        },
        "JammoCatcher.Policy.ExtrinsicValueEstimate.mean": {
            "value": 32.397281646728516,
            "min": -1.2623920440673828,
            "max": 32.397281646728516,
            "count": 16
        },
        "JammoCatcher.Policy.ExtrinsicValueEstimate.sum": {
            "value": 5701.92138671875,
            "min": -219.3260040283203,
            "max": 5701.92138671875,
            "count": 16
        },
        "JammoCatcher.Environment.CumulativeReward.mean": {
            "value": 92.92708313961823,
            "min": 90.70666663911608,
            "max": 117.79999990525998,
            "count": 16
        },
        "JammoCatcher.Environment.CumulativeReward.sum": {
            "value": 4460.499990701675,
            "min": 4081.7999987602234,
            "max": 4725.599989414215,
            "count": 16
        },
        "JammoCatcher.Policy.ExtrinsicReward.mean": {
            "value": 92.92708313961823,
            "min": 90.70666663911608,
            "max": 117.79999990525998,
            "count": 16
        },
        "JammoCatcher.Policy.ExtrinsicReward.sum": {
            "value": 4460.499990701675,
            "min": 4081.7999987602234,
            "max": 4725.599989414215,
            "count": 16
        },
        "JammoCatcher.IsTraining.mean": {
            "value": 1.0,
            "min": 1.0,
            "max": 1.0,
            "count": 16
        },
        "JammoCatcher.IsTraining.sum": {
            "value": 1.0,
            "min": 1.0,
            "max": 1.0,
            "count": 16
        },
        "JammoHider.Losses.PolicyLoss.mean": {
            "value": 0.015014514158247038,
            "min": 0.013494580006226897,
            "max": 0.021512420504586773,
            "count": 7
        },
        "JammoHider.Losses.PolicyLoss.sum": {
            "value": 0.015014514158247038,
            "min": 0.013494580006226897,
            "max": 0.021512420504586773,
            "count": 7
        },
        "JammoHider.Losses.ValueLoss.mean": {
            "value": 111.00921802520752,
            "min": 95.99100303649902,
            "max": 112.35569133758545,
            "count": 7
        },
        "JammoHider.Losses.ValueLoss.sum": {
            "value": 111.00921802520752,
            "min": 95.99100303649902,
            "max": 112.35569133758545,
            "count": 7
        },
        "JammoHider.Policy.LearningRate.mean": {
            "value": 0.00029137914287362,
            "min": 0.00029137914287362,
            "max": 0.0002987676004108,
            "count": 7
        },
        "JammoHider.Policy.LearningRate.sum": {
            "value": 0.00029137914287362,
            "min": 0.00029137914287362,
            "max": 0.0002987676004108,
            "count": 7
        },
        "JammoHider.Policy.Epsilon.mean": {
            "value": 0.19712638000000002,
            "min": 0.19712638000000002,
            "max": 0.19958920000000002,
            "count": 7
        },
        "JammoHider.Policy.Epsilon.sum": {
            "value": 0.19712638000000002,
            "min": 0.19712638000000002,
            "max": 0.19958920000000002,
            "count": 7
        },
        "JammoHider.Policy.Beta.mean": {
            "value": 0.0005,
            "min": 0.0005,
            "max": 0.0005,
            "count": 7
        },
        "JammoHider.Policy.Beta.sum": {
            "value": 0.0005,
            "min": 0.0005,
            "max": 0.0005,
            "count": 7
        },
        "JammoCatcher.Losses.PolicyLoss.mean": {
            "value": 0.01629094862146303,
            "min": 0.014009308116510511,
            "max": 0.019415673564071766,
            "count": 7
        },
        "JammoCatcher.Losses.PolicyLoss.sum": {
            "value": 0.01629094862146303,
            "min": 0.014009308116510511,
            "max": 0.019415673564071766,
            "count": 7
        },
        "JammoCatcher.Losses.ValueLoss.mean": {
            "value": 89.79594459533692,
            "min": 80.5041054725647,
            "max": 92.87182502746582,
            "count": 7
        },
        "JammoCatcher.Losses.ValueLoss.sum": {
            "value": 89.79594459533692,
            "min": 80.5041054725647,
            "max": 92.87182502746582,