{
    "name": "root",
    "gauges": {
        "JammoCatcher.Policy.Entropy.mean": {
            "value": 1.4605844020843506,
            "min": 1.4189382791519165,
            "max": 1.4605844020843506,
            "count": 14
        },
        "JammoCatcher.Policy.Entropy.sum": {
            "value": 14512.3662109375,
            "min": 13894.244140625,
            "max": 15074.80078125,
            "count": 14
        },
        "JammoCatcher.Environment.EpisodeLength.mean": {
            "value": 239.73809523809524,
            "min": 203.97727272727272,
            "max": 291.1764705882353,
            "count": 14
        },
        "JammoCatcher.Environment.EpisodeLength.sum": {
            "value": 10069.0,
            "min": 8975.0,
            "max": 10774.0,
            "count": 14
        },
        "JammoCatcher.Step.mean": {
            "value": 139953.0,
            "min": 9979.0,
            "max": 139953.0,
            "count": 14
        },
        "JammoCatcher.Step.sum": {
            "value": 139953.0,
            "min": 9979.0,
            "max": 139953.0,
            "count": 14
        },
        "JammoCatcher.Policy.ExtrinsicValueEstimate.mean": {
            "value": 18.660303115844727,
            "min": -2.4447309970855713,
            "max": 18.660303115844727,
            "count": 14
        },
        "JammoCatcher.Policy.ExtrinsicValueEstimate.sum": {
            "value": 3209.572021484375,
            "min": -410.7148132324219,
            "max": 3209.572021484375,
            "count": 14
        },
        "JammoCatcher.Environment.CumulativeReward.mean": {
            "value": 69.06190420900073,
            "min": 55.872726529836655,
            "max": 81.4558814834146,
            "count": 14
        },
        "JammoCatcher.Environment.CumulativeReward.sum": {
            "value": 2900.5999767780304,
            "min": 2416.6999719142914,
            "max": 3041.1999711990356,
            "count": 14
        },
        "JammoCatcher.Policy.ExtrinsicReward.mean": {
            "value": 69.06190420900073,
            "min": 55.872726529836655,
            "max": 81.4558814834146,
            "count": 14
        },
        "JammoCatcher.Policy.ExtrinsicReward.sum": {
            "value": 2900.5999767780304,
            "min": 2416.6999719142914,
            "max": 3041.1999711990356,
            "count": 14
        },
        "JammoCatcher.IsTraining.mean": {
            "value": 1.0,
            "min": 1.0,
            "max": 1.0,
            "count": 14
        },
        "JammoCatcher.IsTraining.sum": {
            "value": 1.0,
            "min": 1.0,
            "max": 1.0,
            "count": 14
        },
        "JammoHider.Policy.Entropy.mean": {
            "value": 1.3906219005584717,
            "min": 1.3906219005584717,
            "max": 1.4189382791519165,
            "count": 14
        },
        "JammoHider.Policy.Entropy.sum": {
            "value": 13817.21875,
            "min": 13756.4013671875,
            "max": 15074.80078125,
            "count": 14
        },
        "JammoHider.Environment.EpisodeLength.mean": {
            "value": 239.73809523809524,
            "min": 203.97727272727272,
            "max": 291.1764705882353,
            "count": 14
        },
        "JammoHider.Environment.EpisodeLength.sum": {
            "value": 10069.0,
            "min": 8975.0,
            "max": 10774.0,
            "count": 14
        },
        "JammoHider.Step.mean": {
            "value": 139953.0,
            "min": 9979.0,
            "max": 139953.0,
            "count": 14
        },
        "JammoHider.Step.sum": {
            "value": 139953.0,
            "min": 9979.0,
            "max": 139953.0,
            "count": 14
        },
        "JammoHider.Policy.ExtrinsicValueEstimate.mean": {
            "value": -6.781183242797852,
            "min": -6.781183242797852,
            "max": 0.9576743245124817,
            "count": 14
        },
        "JammoHider.Policy.ExtrinsicValueEstimate.sum": {
            "value": -1166.363525390625,
            "min": -1166.363525390625,
            "max": 160.8892822265625,
            "count": 14
        },
        "JammoHider.Environment.CumulativeReward.mean": {
            "value": -23.347620529787882,
            "min": -27.53529590412098,
            "max": -20.188637665726922,
            "count": 14
        },
        "JammoHider.Environment.CumulativeReward.sum": {
            "value": -980.600062251091,
            "min": -1064.900069117546,
            "max": -888.3000572919846,
            "count": 14
        },
        "JammoHider.Policy.ExtrinsicReward.mean": {
            "value": -23.347620529787882,
            "min": -27.53529590412098,
            "max": -20.188637665726922,
            "count": 14
        },
        "JammoHider.Policy.ExtrinsicReward.sum": {
            "value": -980.600062251091,
            "min": -1064.900069117546,
            "max": -888.3000572919846,
            "count": 14
        },
        "JammoHider.IsTraining.mean": {
            "value": 1.0,
            "min": 1.0,
            "max": 1.0,
            "count": 14
        },
        "JammoHider.IsTraining.sum": {
            "value": 1.0,
            "min": 1.0,
            "max": 1.0,
            "count": 14
        },
        "JammoCatcher.Losses.PolicyLoss.mean": {
            "value": 0.01540009530435782,
            "min": 0.01540009530435782,
            "max": 0.020568322227336466,
            "count": 6
        },
        "JammoCatcher.Losses.PolicyLoss.sum": {
            "value": 0.01540009530435782,
            "min": 0.01540009530435782,
            "max": 0.020568322227336466,
            "count": 6
        },
        "JammoCatcher.Losses.ValueLoss.mean": {
            "value": 32.91919941902161,
            "min": 26.44792823791504,
            "max": 35.894656562805174,
            "count": 6
        },
        "JammoCatcher.Losses.ValueLoss.sum": {
            "value": 32.91919941902161,
            "min": 26.44792823791504,
            "max": 35.894656562805174,
            "count": 6
        },
        "JammoCatcher.Policy.LearningRate.mean": {
            "value": 0.00022609322463560002,
            "min": 0.00022609322463560002,
            "max": 0.00028769100410299997,
            "count": 6
        },
        "JammoCatcher.Policy.LearningRate.sum": {
            "value": 0.00022609322463560002,
            "min": 0.00022609322463560002,
            "max": 0.00028769100410299997,
            "count": 6
        },
        "JammoCatcher.Policy.Epsilon.mean": {
            "value": 0.1753644,
            "min": 0.1753644,
            "max": 0.19589700000000002,
            "count": 6
        },
        "JammoCatcher.Policy.Epsilon.sum": {
            "value": 0.1753644,
            "min": 0.1753644,
            "max": 0.19589700000000002,
            "count": 6
        },
        "JammoCatcher.Policy.Beta.mean": {
            "value": 0.0005,
            "min": 0.0005,
            "max": 0.0005,
            "count": 6
        },
        "JammoCatcher.Policy.Beta.sum": {
            "value": 0.0005,
            "min": 0.0005,
            "max": 0.0005,
            "count": 6
        },
        "JammoHider.Losses.PolicyLoss.mean": {
            "value": 0.016829132376005872,
            "min": 0.013250040996354073,
            "max": 0.020417774072848262,
            "count": 6
        },
        "JammoHider.Losses.PolicyLoss.sum": {
            "value": 0.016829132376005872,
            "min": 0.013250040996354073,
            "max": 0.020417774072848262,
            "count": 6
        },
        "JammoHider.Losses.ValueLoss.mean": {
            "value": 2.129983088374138,
            "min": 2.129983088374138,
            "max": 3.261806857585907,
            "count": 6
        },
        "JammoHider.Losses.ValueLoss.sum": {
            "value": 2.129983088374138,
            "min": 2.129983088374138,