{
    "name": "root",
    "gauges": {
        "JammoHider.Policy.Entropy.mean": {
            "value": 1.3536195755004883,
            "min": 1.3536195755004883,
            "max": 1.4189382791519165,
            "count": 27
        },
        "JammoHider.Policy.Entropy.sum": {
            "value": 13636.36328125,
            "min": 13393.9794921875,
            "max": 14600.875,
            "count": 27
        },
        "JammoHider.Environment.EpisodeLength.mean": {
            "value": 208.48979591836735,
            "min": 200.06382978723406,
            "max": 276.22857142857146,
            "count": 27
        },
        "JammoHider.Environment.EpisodeLength.sum": {
            "value": 10216.0,
            "min": 9131.0,
            "max": 10583.0,
            "count": 27
        },
        "JammoHider.Step.mean": {
            "value": 269948.0,
            "min": 9990.0,
            "max": 269948.0,
            "count": 27
        },
        "JammoHider.Step.sum": {
            "value": 269948.0,
            "min": 9990.0,
            "max": 269948.0,
            "count": 27
        },
        "JammoHider.Policy.ExtrinsicValueEstimate.mean": {
            "value": -3.6795449256896973,
            "min": -5.641021728515625,
            "max": -3.6058902740478516,
            "count": 27
        },
        "JammoHider.Policy.ExtrinsicValueEstimate.sum": {
            "value": -658.6385498046875,
            "min": -964.61474609375,
            "max": -613.0013427734375,
            "count": 27
        },
        "JammoHider.Environment.CumulativeReward.mean": {
            "value": -20.7040829755822,
            "min": -26.7081098975362,
            "max": -20.7040829755822,
            "count": 27
        },
        "JammoHider.Environment.CumulativeReward.sum": {
            "value": -1014.5000658035278,
            "min": -1037.100065946579,
            "max": -868.5000545680523,
            "count": 27
        },
        "JammoHider.Policy.ExtrinsicReward.mean": {
            "value": -20.7040829755822,
            "min": -26.7081098975362,
            "max": -20.7040829755822,
            "count": 27
        },
        "JammoHider.Policy.ExtrinsicReward.sum": {
            "value": -1014.5000658035278,
            "min": -1037.100065946579,
            "max": -868.5000545680523,
            "count": 27
        },
        "JammoHider.IsTraining.mean": {
            "value": 1.0,
            "min": 1.0,
            "max": 1.0,
            "count": 27
        },
        "JammoHider.IsTraining.sum": {
            "value": 1.0,
            "min": 1.0,
            "max": 1.0,
            "count": 27
        },
        "JammoCatcher.Policy.Entropy.mean": {
            "value": 1.4911882877349854,
            "min": 1.4189382791519165,
            "max": 1.4911882877349854,
            "count": 27
        },
        "JammoCatcher.Policy.Entropy.sum": {
            "value": 15022.23046875,
            "min": 14207.05078125,
            "max": 15024.126953125,
            "count": 27
        },
        "JammoCatcher.Environment.EpisodeLength.mean": {
            "value": 208.48979591836735,
            "min": 200.06382978723406,
            "max": 276.22857142857146,
            "count": 27
        },
        "JammoCatcher.Environment.EpisodeLength.sum": {
            "value": 10216.0,
            "min": 9131.0,
            "max": 10583.0,
            "count": 27
        },
        "JammoCatcher.Step.mean": {
            "value": 269948.0,
            "min": 9990.0,
            "max": 269948.0,
            "count": 27
        },
        "JammoCatcher.Step.sum": {
            "value": 269948.0,
            "min": 9990.0,
            "max": 269948.0,
            "count": 27
        },
        "JammoCatcher.Policy.ExtrinsicValueEstimate.mean": {
            "value": 19.59355926513672,
            "min": 0.7275382280349731,
            "max": 20.0108699798584,
            "count": 27
        },
        "JammoCatcher.Policy.ExtrinsicValueEstimate.sum": {
            "value": 3507.2470703125,
            "min": 128.77426147460938,
            "max": 3507.2470703125,
            "count": 27
        },
        "JammoCatcher.Environment.CumulativeReward.mean": {
            "value": 57.92448982413934,
            "min": 57.7133329504066,
            "max": 77.78648568166268,
            "count": 27
        },
        "JammoCatcher.Environment.CumulativeReward.sum": {
            "value": 2838.3000013828278,
            "min": 2507.4999841451645,
            "max": 3004.899977207184,
            "count": 27
        },
        "JammoCatcher.Policy.ExtrinsicReward.mean": {
            "value": 57.92448982413934,
            "min": 57.7133329504066,
            "max": 77.78648568166268,
            "count": 27
        },
        "JammoCatcher.Policy.ExtrinsicReward.sum": {
            "value": 2838.3000013828278,
            "min": 2507.4999841451645,
            "max": 3004.899977207184,
            "count": 27
        },
        "JammoCatcher.IsTraining.mean": {
            "value": 1.0,
            "min": 1.0,
            "max": 1.0,
            "count": 27
        },
        "JammoCatcher.IsTraining.sum": {
            "value": 1.0,
            "min": 1.0,
            "max": 1.0,
            "count": 27
        },
        "JammoHider.Losses.PolicyLoss.mean": {
            "value": 0.01912852427631151,
            "min": 0.013630997651489452,
            "max": 0.020394085641601122,
            "count": 13
        },
        "JammoHider.Losses.PolicyLoss.sum": {
            "value": 0.01912852427631151,
            "min": 0.013630997651489452,
            "max": 0.020394085641601122,
            "count": 13
        },
        "JammoHider.Losses.ValueLoss.mean": {
            "value": 0.27314318642020224,
            "min": 0.27314318642020224,
            "max": 4.290351140499115,
            "count": 13
        },
        "JammoHider.Losses.ValueLoss.sum": {
            "value": 0.27314318642020224,
            "min": 0.27314318642020224,
            "max": 4.290351140499115,
            "count": 13
        },
        "JammoHider.Policy.LearningRate.mean": {
            "value": 0.00028400082533306,
            "min": 0.00028400082533306,
            "max": 0.00029876784041072,
            "count": 13
        },
        "JammoHider.Policy.LearningRate.sum": {
            "value": 0.00028400082533306,
            "min": 0.00028400082533306,
            "max": 0.00029876784041072,
            "count": 13
        },
        "JammoHider.Policy.Epsilon.mean": {
            "value": 0.19466694,
            "min": 0.19466694,
            "max": 0.19958928,
            "count": 13
        },
        "JammoHider.Policy.Epsilon.sum": {
            "value": 0.19466694,
            "min": 0.19466694,
            "max": 0.19958928,
            "count": 13
        },
        "JammoHider.Policy.Beta.mean": {
            "value": 0.0005,
            "min": 0.0005,
            "max": 0.0005,
            "count": 13
        },
        "JammoHider.Policy.Beta.sum": {
            "value": 0.0005,
            "min": 0.0005,
            "max": 0.0005,
            "count": 13
        },
        "JammoCatcher.Losses.PolicyLoss.mean": {
            "value": 0.01638187326025218,
            "min": 0.015097691584378481,
            "max": 0.01901598921394907,
            "count": 13
        },
        "JammoCatcher.Losses.PolicyLoss.sum": {
            "value": 0.01638187326025218,
            "min": 0.015097691584378481,
            "max": 0.01901598921394907,
            "count": 13
        },
        "JammoCatcher.Losses.ValueLoss.mean": {
            "value": 23.888065385818482,
            "min": 19.321042799949645,
            "max": 40.06627073287964,
            "count": 13
        },
        "JammoCatcher.Losses.ValueLoss.sum": {
            "value": 23.888065385818482,
            "min": 19.321042799949645,
            "max": 40.06627073287964,