{
    "name": "root",
    "gauges": {
        "JammoCatcher.Policy.Entropy.mean": {
            "value": 1.3630746603012085,
            "min": 1.3630746603012085,
            "max": 1.364410161972046,
            "count": 17
        },
        "JammoCatcher.Policy.Entropy.sum": {
            "value": 13608.9375,
            "min": 11264.5703125,
            "max": 13752.91015625,
            "count": 17
        },
        "JammoCatcher.Environment.EpisodeLength.mean": {
            "value": 15.09500805152979,
            "min": 15.003205128205128,
            "max": 16.339688041594453,
            "count": 17
        },
        "JammoCatcher.Environment.EpisodeLength.sum": {
            "value": 9374.0,
            "min": 7570.0,
            "max": 9513.0,
            "count": 17
        },
        "JammoCatcher.Step.mean": {
            "value": 269997.0,
            "min": 109995.0,
            "max": 269997.0,
            "count": 17
        },
        "JammoCatcher.Step.sum": {
            "value": 269997.0,
            "min": 109995.0,
            "max": 269997.0,
            "count": 17
        },
        "JammoCatcher.Policy.ExtrinsicValueEstimate.mean": {
            "value": 0.45657607913017273,
            "min": -0.014521940611302853,
            "max": 0.5401829481124878,
            "count": 17
        },
        "JammoCatcher.Policy.ExtrinsicValueEstimate.sum": {
            "value": 283.53375244140625,
            "min": -7.08670711517334,
            "max": 327.89105224609375,
            "count": 17
        },
        "JammoCatcher.Environment.CumulativeReward.mean": {
            "value": -0.24400102986613717,
            "min": -0.34503005519896696,
            "max": -0.2186792067527771,
            "count": 17
        },
        "JammoCatcher.Environment.CumulativeReward.sum": {
            "value": -151.52463954687119,
            "min": -201.48440212011337,
            "max": -118.49461376667023,
            "count": 17
        },
        "JammoCatcher.Policy.ExtrinsicReward.mean": {
            "value": -0.24400102986613717,
            "min": -0.34503005519896696,
            "max": -0.2186792067527771,
            "count": 17
        },
        "JammoCatcher.Policy.ExtrinsicReward.sum": {
            "value": -151.52463954687119,
            "min": -201.48440212011337,
            "max": -118.49461376667023,
            "count": 17
        },
        "JammoCatcher.IsTraining.mean": {
            "value": 1.0,
            "min": 1.0,
            "max": 1.0,
            "count": 17
        },
        "JammoCatcher.IsTraining.sum": {
            "value": 1.0,
            "min": 1.0,
            "max": 1.0,
            "count": 17
        },
        "JammoCatcher.Losses.PolicyLoss.mean": {
            "value": 0.01718150367960334,
            "min": 0.012683384330011904,
            "max": 0.018660172036228082,
            "count": 8
        },
        "JammoCatcher.Losses.PolicyLoss.sum": {
            "value": 0.01718150367960334,
            "min": 0.012683384330011904,
            "max": 0.018660172036228082,
            "count": 8
        },
        "JammoCatcher.Losses.ValueLoss.mean": {
            "value": 0.010063464008271693,
            "min": 0.009861656526724497,
            "max": 0.1701854528238376,
            "count": 8
        },
        "JammoCatcher.Losses.ValueLoss.sum": {
            "value": 0.010063464008271693,
            "min": 0.009861656526724497,
            "max": 0.1701854528238376,
            "count": 8
        },
        "JammoCatcher.Policy.LearningRate.mean": {
            "value": 0.00014024165325280004,
            "min": 0.00014024165325280004,
            "max": 0.00022649882450039995,
            "count": 8
        },
        "JammoCatcher.Policy.LearningRate.sum": {
            "value": 0.00014024165325280004,
            "min": 0.00014024165325280004,
            "max": 0.00022649882450039995,
            "count": 8
        },
        "JammoCatcher.Policy.Epsilon.mean": {
            "value": 0.14674720000000002,
            "min": 0.14674720000000002,
            "max": 0.17549960000000006,
            "count": 8
        },
        "JammoCatcher.Policy.Epsilon.sum": {
            "value": 0.14674720000000002,
            "min": 0.14674720000000002,
            "max": 0.17549960000000006,
            "count": 8
        },
        "JammoCatcher.Policy.Beta.mean": {
            "value": 0.0005000000000000001,
            "min": 0.0005000000000000001,
            "max": 0.0005000000000000001,
            "count": 8
        },
        "JammoCatcher.Policy.Beta.sum": {
            "value": 0.0005000000000000001,
            "min": 0.0005000000000000001,
            "max": 0.0005000000000000001,
            "count": 8
        }
    },
    "metadata": {
        "timer_format_version": "0.1.0",
        "start_time_seconds": "1728747409",
        "python_version": "3.10.12 (main, Jul  5 2023, 15:02:25) [Clang 14.0.6 ]",
        "command_line_arguments": "/opt/anaconda3/envs/mlagents_AA/bin/mlagents-learn Policies/hidenseek.yaml --run-id=multiple_agents --resume",
        "mlagents_version": "1.0.0",
        "mlagents_envs_version": "1.0.0",
        "communication_protocol_version": "1.5.0",
        "pytorch_version": "1.13.1",
        "numpy_version": "1.21.2",
        "end_time_seconds": "1728747641"
    },
    "total": 231.5814116249967,
    "count": 1,
    "self": 0.007124916970496997,
    "children": {
        "run_training.setup": {
            "total": 0.016892625018954277,
            "count": 1,
            "self": 0.016892625018954277
        },
        "TrainerController.start_learning": {
            "total": 231.55739408300724,
            "count": 1,
            "self": 0.09683735278667882,
            "children": {
                "TrainerController._reset_env": {
                    "total": 10.145667750010034,
                    "count": 1,
                    "self": 10.145667750010034
                },
                "TrainerController.advance": {
                    "total": 221.12390702220728,
                    "count": 10872,
                    "self": 0.081106886791531,
                    "children": {
                        "env_step": {
                            "total": 201.40005026760628,
                            "count": 10872,
                            "self": 199.3026632561232,
                            "children": {
                                "SubprocessEnvManager._take_step": {
                                    "total": 2.033380123641109,
                                    "count": 10872,
                                    "self": 0.19024422674556263,
                                    "children": {
                                        "TorchPolicy.evaluate": {
                                            "total": 1.8431358968955465,
                                            "count": 7317,
                                            "self": 1.8431358968955465
                                        }
                                    }
                                },
                                "workers": {
                                    "total": 0.06400688784196973,
                                    "count": 10871,
                                    "self": 0.0,
                                    "children": {
                                        "worker_root": {
                                            "total": 221.18613822062616,
                                            "count": 10871,
                                            "is_parallel": true,
                                            "self": 27.57234676144435,
                                            "children": {
                                                "steps_from_proto": {
                                                    "total": 0.014093083998886868,
                                                    "count": 1,