{
    "name": "root",
    "gauges": {
        "JammoCatcher.Policy.Entropy.mean": {
            "value": 1.3632920980453491,
            "min": 1.3629226684570312,
            "max": 1.3632920980453491,
            "count": 12
        },
        "JammoCatcher.Policy.Entropy.sum": {
            "value": 13643.8271484375,
            "min": 3958.06689453125,
            "max": 13740.4404296875,
            "count": 12
        },
        "JammoCatcher.Environment.EpisodeLength.mean": {
            "value": 15.31270358306189,
            "min": 13.916666666666666,
            "max": 15.715474209650582,
            "count": 12
        },
        "JammoCatcher.Environment.EpisodeLength.sum": {
            "value": 9402.0,
            "min": 2505.0,
            "max": 9505.0,
            "count": 12
        },
        "JammoCatcher.Step.mean": {
            "value": 389982.0,
            "min": 279989.0,
            "max": 389982.0,
            "count": 12
        },
        "JammoCatcher.Step.sum": {
            "value": 389982.0,
            "min": 279989.0,
            "max": 389982.0,
            "count": 12
        },
        "JammoCatcher.Policy.ExtrinsicValueEstimate.mean": {
            "value": 4.563024997711182,
            "min": 0.45699235796928406,
            "max": 4.688171863555908,
            "count": 12
        },
        "JammoCatcher.Policy.ExtrinsicValueEstimate.sum": {
            "value": 2797.13427734375,
            "min": 86.70864868164062,
            "max": 2874.39892578125,
            "count": 12
        },
        "JammoCatcher.Environment.CumulativeReward.mean": {
            "value": 8.643556280587276,
            "min": 7.944134078212291,
            "max": 8.854757929883139,
            "count": 12
        },
        "JammoCatcher.Environment.CumulativeReward.sum": {
            "value": 5298.5,
            "min": 1422.0,
            "max": 5330.0,
            "count": 12
        },
        "JammoCatcher.Policy.ExtrinsicReward.mean": {
            "value": 8.643556280587276,
            "min": 7.944134078212291,
            "max": 8.854757929883139,
            "count": 12
        },
        "JammoCatcher.Policy.ExtrinsicReward.sum": {
            "value": 5298.5,
            "min": 1422.0,
            "max": 5330.0,
            "count": 12
        },
        "JammoCatcher.IsTraining.mean": {
            "value": 1.0,
            "min": 1.0,
            "max": 1.0,
            "count": 12
        },
        "JammoCatcher.IsTraining.sum": {
            "value": 1.0,
            "min": 1.0,
            "max": 1.0,
            "count": 12
        },
        "JammoCatcher.Losses.PolicyLoss.mean": {
            "value": 0.020500568684656172,
            "min": 0.015981775539694355,
            "max": 0.020500568684656172,
            "count": 5
        },
        "JammoCatcher.Losses.PolicyLoss.sum": {
            "value": 0.020500568684656172,
            "min": 0.015981775539694355,
            "max": 0.020500568684656172,
            "count": 5
        },
        "JammoCatcher.Losses.ValueLoss.mean": {
            "value": 0.7354685440659523,
            "min": 0.7354685440659523,
            "max": 8.042570847272874,
            "count": 5
        },
        "JammoCatcher.Losses.ValueLoss.sum": {
            "value": 0.7354685440659523,
            "min": 0.7354685440659523,
            "max": 8.042570847272874,
            "count": 5
        },
        "JammoCatcher.Policy.LearningRate.mean": {
            "value": 7.203307598900001e-05,
            "min": 7.203307598900001e-05,
            "max": 0.000121317059561,
            "count": 5
        },
        "JammoCatcher.Policy.LearningRate.sum": {
            "value": 7.203307598900001e-05,
            "min": 7.203307598900001e-05,
            "max": 0.000121317059561,
            "count": 5
        },
        "JammoCatcher.Policy.Epsilon.mean": {
            "value": 0.12401100000000001,
            "min": 0.12401100000000001,
            "max": 0.140439,
            "count": 5
        },
        "JammoCatcher.Policy.Epsilon.sum": {
            "value": 0.12401100000000001,
            "min": 0.12401100000000001,
            "max": 0.140439,
            "count": 5
        },
        "JammoCatcher.Policy.Beta.mean": {
            "value": 0.0005,
            "min": 0.0005,
            "max": 0.0005,
            "count": 5
        },
        "JammoCatcher.Policy.Beta.sum": {
            "value": 0.0005,
            "min": 0.0005,
            "max": 0.0005,
            "count": 5
        }
    },
    "metadata": {
        "timer_format_version": "0.1.0",
        "start_time_seconds": "1728752857",
        "python_version": "3.10.12 (main, Jul  5 2023, 15:02:25) [Clang 14.0.6 ]",
        "command_line_arguments": "/opt/anaconda3/envs/mlagents_AA/bin/mlagents-learn Policies/hidenseek.yaml --run-id=multiple_agents --resume",
        "mlagents_version": "1.0.0",
        "mlagents_envs_version": "1.0.0",
        "communication_protocol_version": "1.5.0",
        "pytorch_version": "1.13.1",
        "numpy_version": "1.21.2",
        "end_time_seconds": "1728753102"
    },
    "total": 244.8747059169982,
    "count": 1,
    "self": 0.011283667001407593,
    "children": {
        "run_training.setup": {
            "total": 0.021435291011584923,
            "count": 1,
            "self": 0.021435291011584923
        },
        "TrainerController.start_learning": {
            "total": 244.84198695898522,
            "count": 1,
            "self": 0.0903729893907439,
            "children": {
                "TrainerController._reset_env": {
                    "total": 9.65169583298848,
                    "count": 1,
                    "self": 9.65169583298848
                },
                "TrainerController.advance": {
                    "total": 234.930437136587,
                    "count": 7081,
                    "self": 0.08084081072593108,
                    "children": {
                        "env_step": {
                            "total": 211.9980132788187,
                            "count": 7081,
                            "self": 209.96450801193714,
                            "children": {
                                "SubprocessEnvManager._take_step": {
                                    "total": 1.9744355228322092,
                                    "count": 7081,
                                    "self": 0.19784376287134364,
                                    "children": {
                                        "TorchPolicy.evaluate": {
                                            "total": 1.7765917599608656,
                                            "count": 4771,
                                            "self": 1.7765917599608656
                                        }
                                    }
                                },
                                "workers": {
                                    "total": 0.059069744049338624,
                                    "count": 7080,
                                    "self": 0.0,
                                    "children": {
                                        "worker_root": {
                                            "total": 234.92741175738047,
                                            "count": 7080,
                                            "is_parallel": true,
                                            "self": 30.638051423622528,
                                            "children": {
                                                "steps_from_proto": {
                                                    "total": 0.0007804159831721336,
                                                    "count": 1,
                                                    "is_parallel": true,
                                                    "self": 0.00018995796563103795,