{
    "name": "root",
    "gauges": {
        "JammoCatcher.Policy.Entropy.mean": {
            "value": 1.4525290727615356,
            "min": 1.426576018333435,
            "max": 1.4525290727615356,
            "count": 14
        },
        "JammoCatcher.Policy.Entropy.sum": {
            "value": 14554.341796875,
            "min": 12162.9873046875,
            "max": 14554.341796875,
            "count": 14
        },
        "JammoCatcher.Environment.EpisodeLength.mean": {
            "value": 189.3148148148148,
            "min": 174.6140350877193,
            "max": 199.0,
            "count": 14
        },
        "JammoCatcher.Environment.EpisodeLength.sum": {
            "value": 10223.0,
            "min": 8142.0,
            "max": 10290.0,
            "count": 14
        },
        "JammoCatcher.Step.mean": {
            "value": 229991.0,
            "min": 99955.0,
            "max": 229991.0,
            "count": 14
        },
        "JammoCatcher.Step.sum": {
            "value": 229991.0,
            "min": 99955.0,
            "max": 229991.0,
            "count": 14
        },
        "JammoCatcher.Policy.ExtrinsicValueEstimate.mean": {
            "value": 12.212907791137695,
            "min": 12.212907791137695,
            "max": 17.16434669494629,
            "count": 14
        },
        "JammoCatcher.Policy.ExtrinsicValueEstimate.sum": {
            "value": 2479.22021484375,
            "min": 2465.6015625,
            "max": 3484.3623046875,
            "count": 14
        },
        "JammoCatcher.Environment.CumulativeReward.mean": {
            "value": 57.69074182405516,
            "min": 47.507018095830034,
            "max": 57.69074182405516,
            "count": 14
        },
        "JammoCatcher.Environment.CumulativeReward.sum": {
            "value": 3115.3000584989786,
            "min": 2297.5999963879585,
            "max": 3115.3000584989786,
            "count": 14
        },
        "JammoCatcher.Policy.ExtrinsicReward.mean": {
            "value": 57.69074182405516,
            "min": 47.507018095830034,
            "max": 57.69074182405516,
            "count": 14
        },
        "JammoCatcher.Policy.ExtrinsicReward.sum": {
            "value": 3115.3000584989786,
            "min": 2297.5999963879585,
            "max": 3115.3000584989786,
            "count": 14
        },
        "JammoCatcher.IsTraining.mean": {
            "value": 1.0,
            "min": 1.0,
            "max": 1.0,
            "count": 14
        },
        "JammoCatcher.IsTraining.sum": {
            "value": 1.0,
            "min": 1.0,
            "max": 1.0,
            "count": 14
        },
        "JammoHider.Policy.Entropy.mean": {
            "value": 1.3958284854888916,
            "min": 1.3958284854888916,
            "max": 1.413509488105774,
            "count": 14
        },
        "JammoHider.Policy.Entropy.sum": {
            "value": 13935.951171875,
            "min": 12416.267578125,
            "max": 14281.3740234375,
            "count": 14
        },
        "JammoHider.Environment.EpisodeLength.mean": {
            "value": 199.0,
            "min": 163.30612244897958,
            "max": 199.0,
            "count": 14
        },
        "JammoHider.Environment.EpisodeLength.sum": {
            "value": 9950.0,
            "min": 8002.0,
            "max": 10252.0,
            "count": 14
        },
        "JammoHider.Step.mean": {
            "value": 229941.0,
            "min": 99995.0,
            "max": 229941.0,
            "count": 14
        },
        "JammoHider.Step.sum": {
            "value": 229941.0,
            "min": 99995.0,
            "max": 229941.0,
            "count": 14
        },
        "JammoHider.Policy.ExtrinsicValueEstimate.mean": {
            "value": -3.494384765625,
            "min": -3.6362180709838867,
            "max": -2.477346897125244,
            "count": 14
        },
        "JammoHider.Policy.ExtrinsicValueEstimate.sum": {
            "value": -698.876953125,
            "min": -730.8798217773438,
            "max": -428.58099365234375,
            "count": 14
        },
        "JammoHider.Environment.CumulativeReward.mean": {
            "value": -17.920001619458198,
            "min": -18.808001715540886,
            "max": -15.412246230913668,
            "count": 14
        },
        "JammoHider.Environment.CumulativeReward.sum": {
            "value": -896.0000809729099,
            "min": -940.4000857770443,
            "max": -755.2000653147697,
            "count": 14
        },
        "JammoHider.Policy.ExtrinsicReward.mean": {
            "value": -17.920001619458198,
            "min": -18.808001715540886,
            "max": -15.412246230913668,
            "count": 14
        },
        "JammoHider.Policy.ExtrinsicReward.sum": {
            "value": -896.0000809729099,
            "min": -940.4000857770443,
            "max": -755.2000653147697,
            "count": 14
        },
        "JammoHider.IsTraining.mean": {
            "value": 1.0,
            "min": 1.0,
            "max": 1.0,
            "count": 14
        },
        "JammoHider.IsTraining.sum": {
            "value": 1.0,
            "min": 1.0,
            "max": 1.0,
            "count": 14
        },
        "JammoCatcher.Losses.PolicyLoss.mean": {
            "value": 0.014131342756445519,
            "min": 0.013149103528121486,
            "max": 0.018650284426985308,
            "count": 6
        },
        "JammoCatcher.Losses.PolicyLoss.sum": {
            "value": 0.014131342756445519,
            "min": 0.013149103528121486,
            "max": 0.018650284426985308,
            "count": 6
        },
        "JammoCatcher.Losses.ValueLoss.mean": {
            "value": 22.096253395080566,
            "min": 22.096253395080566,
            "max": 27.663799571990968,
            "count": 6
        },
        "JammoCatcher.Losses.ValueLoss.sum": {
            "value": 22.096253395080566,
            "min": 22.096253395080566,
            "max": 27.663799571990968,
            "count": 6
        },
        "JammoCatcher.Policy.LearningRate.mean": {
            "value": 0.00017117224294260002,
            "min": 0.00017117224294260002,
            "max": 0.0002327532224156,
            "count": 6
        },
        "JammoCatcher.Policy.LearningRate.sum": {
            "value": 0.00017117224294260002,
            "min": 0.00017117224294260002,
            "max": 0.0002327532224156,
            "count": 6
        },
        "JammoCatcher.Policy.Epsilon.mean": {
            "value": 0.1570574,
            "min": 0.1570574,
            "max": 0.1775844,
            "count": 6
        },
        "JammoCatcher.Policy.Epsilon.sum": {
            "value": 0.1570574,
            "min": 0.1570574,
            "max": 0.1775844,
            "count": 6
        },
        "JammoCatcher.Policy.Beta.mean": {
            "value": 0.0005,
            "min": 0.0005,
            "max": 0.0005,
            "count": 6
        },
        "JammoCatcher.Policy.Beta.sum": {
            "value": 0.0005,
            "min": 0.0005,
            "max": 0.0005,
            "count": 6
        },
        "JammoHider.Losses.PolicyLoss.mean": {
            "value": 0.01751734586432576,
            "min": 0.013983425186597741,
            "max": 0.018719330034218728,
            "count": 6
        },
        "JammoHider.Losses.PolicyLoss.sum": {
            "value": 0.01751734586432576,
            "min": 0.013983425186597741,
            "max": 0.018719330034218728,
            "count": 6
        },
        "JammoHider.Losses.ValueLoss.mean": {
            "value": 0.6730998605489731,
            "min": 0.6730998605489731,
            "max": 1.1363400563597679,
            "count": 6
        },
        "JammoHider.Losses.ValueLoss.sum": {
            "value": 0.6730998605489731,
            "min": 0.6730998605489731,
            "max": 1.1363400563597679,
            "count": 6
        },